<?xml version="1.0" encoding="utf-8" ?>

<component name="SimpleItemComponent" extends="Group" >

<!-- Note that target and rect are both set during the interpolation -->
<interface>
    <field id="index"       type="int" />
    <field id="groupHasFocus" type="boolean" onChange="focusPercentChanged"/>
    <field id="itemContent" type="node"   onChange="itemContentChanged" />
    <field id="currTarget"  type="float"  onChange="currTargetChanged" />
    <field id="currRect"    type="rect2d" onChange="currRectChanged" />
    <field id="focusPercent" type="float" onChange="focusPercentChanged" />
</interface>

<script type="text/brightscript" uri="pkg:/components/simpleItemComponent.brs" />


<children>

    <Poster id="imageMovie" uri="" opacity="1"/>
    <Poster id="focusImage" uri="pkg:/images/focus.9.png"  width="880" height="490" visible="false"/>
    <Label id="theLabel" translation="[0, 455]" visible="true" color="0xFFFFFF" />
</children>

</component>
